-- Conexão à base de dados

-- Inserção de dados na tabela Localizacao (20 localizações)
INSERT INTO Localizacao (cep, cidade, estado, pais, bairro) VALUES
('01001-000', 'São Paulo', 'SP', 'Brasil', 'Centro'),
('22021-001', 'Rio de Janeiro', 'RJ', 'Brasil', 'Copacabana'),
('70070-900', 'Brasília', 'DF', 'Brasil', 'Asa Norte'),
('40010-000', 'Salvador', 'BA', 'Brasil', 'Pelourinho'),
('80010-010', 'Curitiba', 'PR', 'Brasil', 'Centro'),
('90010-190', 'Porto Alegre', 'RS', 'Brasil', 'Centro Histórico'),
('69900-000', 'Rio Branco', 'AC', 'Brasil', 'Centro'),
('30130-110', 'Belo Horizonte', 'MG', 'Brasil', 'Savassi'),
('52060-000', 'Recife', 'PE', 'Brasil', 'Boa Viagem'),
('66010-020', 'Belém', 'PA', 'Brasil', 'Cidade Velha'),
('27310-657', 'Barra Mansa', 'RJ', 'Brasil', 'Centro'),
('58400-142', 'Campina Grande', 'PB', 'Brasil', 'Centro'),
('13026-515', 'Campinas', 'SP', 'Brasil', 'Cambuí'),
('88015-200', 'Florianópolis', 'SC', 'Brasil', 'Centro'),
('64000-020', 'Teresina', 'PI', 'Brasil', 'Centro'),
('20031-170', 'Rio de Janeiro', 'RJ', 'Brasil', 'Flamengo'),
('50030-080', 'Recife', 'PE', 'Brasil', 'Santo Antônio'),
('78005-000', 'Cuiabá', 'MT', 'Brasil', 'Centro'),
('69050-001', 'Manaus', 'AM', 'Brasil', 'Centro'),
('04532-001', 'São Paulo', 'SP', 'Brasil', 'Itaim Bibi');

-- Inserção de dados na tabela Usuario (20 usuários)
INSERT INTO Usuario (cpf, nome, sobrenome, nascimento, endereco, sexo, telefone, email, senha, tipo, id_localizacao) VALUES
('123.456.789-01', 'João', 'Silva', '1985-03-15', 'Rua das Flores, 123', 'M', '(11) 91234-5678', 'joao.silva@email.com', 'senha123', 'ambos', 1),
('234.567.890-12', 'Maria', 'Santos', '1990-07-22', 'Av. Paulista, 1000', 'F', '(11) 92345-6789', 'maria.santos@email.com', 'senha234', 'hospede', 2),
('345.678.901-23', 'Pedro', 'Oliveira', '1978-11-10', 'Rua Sete de Setembro, 200', 'M', '(21) 93456-7890', 'pedro.oliveira@email.com', 'senha345', 'locador', 3),
('456.789.012-34', 'Ana', 'Costa', '1995-05-03', 'Av. Atlântica, 500', 'F', '(21) 94567-8901', 'ana.costa@email.com', 'senha456', 'hospede', 4),
('567.890.123-45', 'Carlos', 'Pereira', '1982-09-18', 'Rua do Comércio, 300', 'M', '(71) 95678-9012', 'carlos.pereira@email.com', 'senha567', 'locador', 5),
('678.901.234-56', 'Fernanda', 'Lima', '1993-01-25', 'Av. Beira Mar, 400', 'F', '(85) 96789-0123', 'fernanda.lima@email.com', 'senha678', 'ambos', 6),
('789.012.345-67', 'Ricardo', 'Gomes', '1975-04-30', 'Rua das Acácias, 150', 'M', '(41) 97890-1234', 'ricardo.gomes@email.com', 'senha789', 'locador', 7),
('890.123.456-78', 'Mariana', 'Almeida', '1988-12-07', 'Rua dos Girassóis, 250', 'F', '(51) 98901-2345', 'mariana.almeida@email.com', 'senha890', 'hospede', 8),
('901.234.567-89', 'Fernando', 'Rodrigues', '1980-06-12', 'Av. Principal, 600', 'M', '(48) 99012-3456', 'fernando.rodrigues@email.com', 'senha901', 'locador', 9),
('012.345.678-90', 'Juliana', 'Ferreira', '1992-08-20', 'Rua das Margaridas, 75', 'F', '(31) 90123-4567', 'juliana.ferreira@email.com', 'senha012', 'hospede', 10),
('123.789.456-01', 'Roberto', 'Souza', '1976-02-14', 'Av. Central, 800', 'M', '(27) 91235-6789', 'roberto.souza@email.com', 'senha123r', 'ambos', 11),
('234.890.567-12', 'Camila', 'Mendes', '1991-10-05', 'Rua das Tulipas, 180', 'F', '(81) 92346-7890', 'camila.mendes@email.com', 'senha234c', 'hospede', 12),
('345.901.678-23', 'Marcelo', 'Dias', '1983-07-17', 'Av. das Palmeiras, 350', 'M', '(19) 93457-8901', 'marcelo.dias@email.com', 'senha345m', 'locador', 13),
('456.012.789-34', 'Patrícia', 'Campos', '1989-04-01', 'Rua dos Pinheiros, 420', 'F', '(84) 94568-9012', 'patricia.campos@email.com', 'senha456p', 'hospede', 14),
('567.123.890-45', 'Daniel', 'Vieira', '1979-11-23', 'Av. dos Ipês, 520', 'M', '(86) 95679-0123', 'daniel.vieira@email.com', 'senha567d', 'locador', 15),
('678.234.901-56', 'Larissa', 'Teixeira', '1994-03-08', 'Rua das Orquídeas, 230', NULL, '(92) 96780-1234', 'larissa.teixeira@email.com', 'senha678l', 'ambos', 16),
('789.345.012-67', 'Rafael', 'Moreira', '1974-09-14', 'Av. dos Flamboyants, 640', 'M', '(82) 97891-2345', 'rafael.moreira@email.com', 'senha789r', 'locador', 17),
('890.456.123-78', 'Isabela', 'Barros', '1987-05-19', 'Rua dos Jasmins, 150', 'F', '(79) 98902-3456', 'isabela.barros@email.com', 'senha890i', 'hospede', 18),
('901.567.234-89', 'Leonardo', 'Cardoso', '1981-12-03', 'Av. das Rosas, 780', NULL, '(95) 99013-4567', 'leonardo.cardoso@email.com', 'senha901l', 'ambos', 19),
('012.678.345-90', 'Eduarda', 'Ribeiro', '1996-08-16', 'Rua das Violetas, 320', 'F', '(83) 90124-5678', 'eduarda.ribeiro@email.com', 'senha012e', 'hospede', 20),
('555.666.777-88', 'Letícia', 'Alves',    '1995-04-10', 'Rua das Flores, 321',   'F', '(11)95555-6666', 'leticia.alves@email.com',    'senha555', 'ambos', 2),
('222.333.444-55', 'Marcos',   'Silveira', '1998-08-20', 'Av. Brasil, 200',        'M', '(21)92222-3333', 'marcos.silveira@email.com',   'senha222', 'ambos', 3),
('777.888.999-00', 'Carla',    'Rodrigues', '1992-12-05', 'Rua Afonso Pena, 150',   'F', '(31)97777-8888', 'carla.rodrigues@email.com',  'senha777', 'ambos', 4);


-- Inserção de dados na tabela Propriedade (20 propriedades)
INSERT INTO Propriedade (tipo, nome, num_quartos, num_banheiros, preco_noite, max_hospedes, min_noites, max_noites, taxa_limpeza, horario_entrada, horario_saida, id_localizacao, cpf) VALUES
('casa inteira', 'Casa de Praia Encantada', 3, 2, 350.00, 8, 2, 14, 100.00, '14:00', '11:00', 2, '123.456.789-01'),
('quarto individual', 'Suíte com Vista', 1, 1, 120.00, 2, 1, 10, 50.00, '15:00', '12:00', 1, '345.678.901-23'),
('casa inteira', 'Chalé nas Montanhas', 2, 1, 280.00, 4, 2, 7, 90.00, '13:00', '10:00', 5, '567.890.123-45'),
('quarto compartilhado', 'Hostel Central', 1, 1, 80.00, 1, 1, 30, 20.00, '14:00', '11:00', 3, '678.901.234-56'),
('casa inteira', 'Apartamento Luxo', 4, 3, 500.00, 10, 3, 21, 150.00, '16:00', '10:00', 4, '789.012.345-67'),
('quarto individual', 'Studio Moderno', 1, 1, 150.00, 2, 1, 14, 60.00, '15:00', '11:00', 6, '123.456.789-01'),
('casa inteira', 'Fazenda Colonial', 5, 4, 600.00, 12, 3, 14, 200.00, '14:00', '12:00', 7, '901.234.567-89'),
('quarto individual', 'Quarto no Centro', 1, 1, 100.00, 2, 1, 7, 40.00, '15:00', '10:00', 8, '123.789.456-01'),
('casa inteira', 'Sítio Pôr-do-Sol', 3, 2, 400.00, 6, 2, 10, 120.00, '14:00', '11:00', 9, '345.901.678-23'),
('quarto compartilhado', 'Albergue Jovem', 1, 1, 70.00, 1, 1, 14, 15.00, '16:00', '10:00', 10, '678.901.234-56'),
('casa inteira', 'Cobertura com Piscina', 3, 3, 550.00, 8, 3, 21, 180.00, '15:00', '12:00', 11, '567.123.890-45'),
('quarto individual', 'Quarto Executivo', 1, 1, 180.00, 2, 1, 7, 70.00, '14:00', '11:00', 12, '345.678.901-23'),
('casa inteira', 'Casa de Campo', 4, 2, 320.00, 10, 2, 14, 110.00, '15:00', '10:00', 13, '789.345.012-67'),
('quarto individual', 'Suíte Beira-Mar', 1, 1, 200.00, 2, 1, 10, 80.00, '14:00', '12:00', 14, '567.890.123-45'),
('casa inteira', 'Loft Urbano', 2, 2, 250.00, 4, 2, 7, 90.00, '16:00', '11:00', 15, '901.234.567-89'),
('quarto compartilhado', 'Hostel Viajante', 1, 1, 65.00, 1, 1, 30, 20.00, '13:00', '10:00', 16, '123.789.456-01'),
('casa inteira', 'Casa na Praia', 3, 2, 380.00, 6, 2, 14, 130.00, '15:00', '11:00', 17, '345.901.678-23'),
('quarto individual', 'Quarto com Varanda', 1, 1, 140.00, 2, 1, 10, 55.00, '14:00', '12:00', 18, '567.123.890-45'),
('casa inteira', 'Cabana Rústica', 2, 1, 220.00, 4, 2, 7, 75.00, '15:00', '10:00', 19, '789.345.012-67'),
('quarto individual', 'Quarto com Jardim', 1, 1, 130.00, 2, 1, 14, 50.00, '14:00', '11:00', 20, '567.890.123-45'),
('casa inteira',      'Casa Encantada',  2, 1, 300.00, 4, 2, 7,  80.00, '14:00', '11:00', 2, '555.666.777-88'),
('quarto individual',  'Suíte Deluxe',   1, 1, 180.00, 2, 1, 10, 60.00, '15:00', '12:00', 3, '222.333.444-55'),
('casa inteira',      'Chalé Romântico', 1, 1, 250.00, 2, 2, 7,  70.00, '16:00', '10:00', 4, '777.888.999-00');


-- Inserção de dados na tabela Reserva (25 reservas)
INSERT INTO Reserva (cpf_hospede, id_propriedade, data_reserva, checkin, checkout, num_hospedes, imposto, preco_total, preco_total_imposto, taxa_limpeza, status) VALUES
('234.567.890-12', 1, '2025-01-05', '2025-02-10', '2025-02-15', 4, 70.00, 1750.00, 1820.00, 100.00, 'confirmada'),
('890.123.456-78', 3, '2025-01-10', '2025-02-20', '2025-02-24', 3, 56.00, 1120.00, 1176.00, 90.00, 'confirmada'),
('012.345.678-90', 5, '2025-01-15', '2025-03-01', '2025-03-07', 6, 150.00, 3000.00, 3150.00, 150.00, 'confirmada'),
('234.567.890-12', 7, '2025-01-20', '2025-03-10', '2025-03-16', 8, 240.00, 3600.00, 3840.00, 200.00, 'confirmada'),
('456.789.012-34', 9, '2025-01-25', '2025-03-20', '2025-03-25', 4, 100.00, 2000.00, 2100.00, 120.00, 'confirmada'),
('890.123.456-78', 11, '2025-02-01', '2025-04-05', '2025-04-12', 5, 192.50, 3850.00, 4042.50, 180.00, 'confirmada'),
('012.345.678-90', 13, '2025-02-05', '2025-04-15', '2025-04-21', 7, 112.00, 1920.00, 2032.00, 110.00, 'confirmada'),
('234.567.890-12', 15, '2025-02-10', '2025-04-25', '2025-04-30', 3, 62.50, 1250.00, 1312.50, 90.00, 'confirmada'),
('456.789.012-34', 17, '2025-02-15', '2025-05-05', '2025-05-10', 4, 95.00, 1900.00, 1995.00, 130.00, 'confirmada'),
('890.123.456-78', 19, '2025-02-20', '2025-05-15', '2025-05-19', 2, 44.00, 880.00, 924.00, 75.00, 'confirmada'),
('234.890.567-12', 2, '2025-02-25', '2025-05-25', '2025-05-28', 2, 18.00, 360.00, 378.00, 50.00, 'confirmada'),
('456.012.789-34', 4, '2025-03-01', '2025-06-01', '2025-06-07', 1, 16.80, 480.00, 496.80, 20.00, 'confirmada'),
('890.456.123-78', 6, '2025-03-05', '2025-06-10', '2025-06-15', 2, 30.00, 750.00, 780.00, 60.00, 'confirmada'),
('012.678.345-90', 8, '2025-03-10', '2025-06-20', '2025-06-23', 1, 12.00, 300.00, 312.00, 40.00, 'confirmada'),
('234.890.567-12', 10, '2025-03-15', '2025-07-01', '2025-07-10', 1, 21.00, 630.00, 651.00, 15.00, 'confirmada'),
('456.012.789-34', 12, '2025-03-20', '2025-07-15', '2025-07-18', 2, 21.60, 540.00, 561.60, 70.00, 'confirmada'),
('890.456.123-78', 14, '2025-03-25', '2025-07-25', '2025-07-30', 2, 40.00, 1000.00, 1040.00, 80.00, 'confirmada'),
('012.678.345-90', 16, '2025-04-01', '2025-08-05', '2025-08-15', 1, 19.50, 650.00, 669.50, 20.00, 'confirmada'),
('234.890.567-12', 18, '2025-04-05', '2025-08-20', '2025-08-24', 2, 28.00, 560.00, 588.00, 55.00, 'confirmada'),
('456.012.789-34', 20, '2025-04-10', '2025-08-28', '2025-09-03', 1, 19.50, 650.00, 669.50, 50.00, 'confirmada'),
('234.567.890-12', 5, '2025-04-15', '2025-09-10', '2025-09-15', 5, 125.00, 2500.00, 2625.00, 150.00, 'pendente'),
('456.789.012-34', 8, '2025-04-20', '2025-09-20', '2025-09-23', 1, 12.00, 300.00, 312.00, 40.00, 'pendente'),
('890.123.456-78', 12, '2025-04-25', '2025-10-01', '2025-10-05', 2, 36.00, 720.00, 756.00, 70.00, 'pendente'),
('012.345.678-90', 16, '2025-05-01', '2025-10-10', '2025-10-20', 1, 19.50, 650.00, 669.50, 20.00, 'cancelada'),
('234.567.890-12', 19, '2025-05-05', '2025-10-25', '2025-10-28', 2, 33.00, 660.00, 693.00, 75.00, 'cancelada'),
('555.666.777-88',  2, '2025-05-06', '2025-07-10', '2025-07-15', 2,  24.00,  600.00,  624.00, 50.00, 'confirmada'),
('222.333.444-55',  3, '2025-05-06', '2025-08-05', '2025-08-10', 2,  56.00, 1400.00, 1456.00, 90.00, 'confirmada'),
('777.888.999-00',  4, '2025-05-06', '2025-06-01', '2025-06-04', 1,   9.60,  240.00,  249.60, 20.00, 'confirmada');

-- Inserção de dados na tabela Avaliacao (18 avaliações)
INSERT INTO Avaliacao (fotos, nota_limpeza, nota_estrutura, nota_comunicacao, nota_localizacao, nota_valor, cpf, id_propriedade) VALUES
('foto1.jpg,foto2.jpg', 4.8, 4.5, 5.0, 4.7, 4.6, '234.567.890-12', 1),
('foto3.jpg', 4.6, 4.7, 4.5, 4.8, 4.5, '890.123.456-78', 3),
('foto4.jpg,foto5.jpg,foto6.jpg', 5.0, 4.8, 4.9, 5.0, 4.7, '012.345.678-90', 5),
('foto7.jpg', 4.3, 4.5, 4.8, 4.6, 4.4, '234.567.890-12', 7),
('foto8.jpg,foto9.jpg', 4.9, 4.7, 5.0, 4.8, 4.9, '456.789.012-34', 9),
('foto10.jpg', 4.7, 4.6, 4.8, 4.9, 4.5, '890.123.456-78', 11),
('foto11.jpg,foto12.jpg', 4.5, 4.4, 4.7, 4.3, 4.6, '012.345.678-90', 13),
('foto13.jpg', 4.8, 4.9, 4.6, 4.7, 4.8, '234.567.890-12', 15),
('foto14.jpg,foto15.jpg', 4.4, 4.3, 4.5, 4.6, 4.2, '456.789.012-34', 17),
('foto16.jpg', 4.6, 4.5, 4.8, 4.7, 4.6, '890.123.456-78', 19),
('foto17.jpg', 4.9, 4.8, 5.0, 4.9, 4.7, '234.890.567-12', 2),
('foto18.jpg,foto19.jpg', 4.2, 4.1, 4.5, 4.3, 4.0, '456.012.789-34', 4),
('foto20.jpg', 4.7, 4.6, 4.9, 4.8, 4.7, '890.456.123-78', 6),
('foto21.jpg,foto22.jpg', 4.5, 4.4, 4.6, 4.5, 4.3, '012.678.345-90', 8),
('foto23.jpg', 4.1, 4.0, 4.3, 4.2, 3.9, '234.890.567-12', 10),
('foto24.jpg,foto25.jpg', 4.8, 4.7, 4.9, 4.6, 4.5, '456.012.789-34', 12),
('foto26.jpg', 4.9, 5.0, 4.8, 4.9, 4.7, '890.456.123-78', 14),
('foto27.jpg,foto28.jpg', 4.0, 3.9, 4.5, 4.1, 3.8, '012.678.345-90', 16);

-- Inserção de dados na tabela Conta_Bancaria (15 contas)
INSERT INTO Conta_Bancaria (numero_conta, agencia, tipo_conta, cpf) VALUES
('12345-6', '0001', 'corrente', '123.456.789-01'),
('23456-7', '0002', 'poupança', '345.678.901-23'),
('34567-8', '0003', 'corrente', '567.890.123-45'),
('45678-9', '0004', 'poupança', '789.012.345-67'),
('56789-0', '0005', 'corrente', '901.234.567-89'),
('67890-1', '0006', 'poupança', '123.789.456-01'),
('78901-2', '0007', 'corrente', '345.901.678-23'),
('89012-3', '0008', 'salário', '567.123.890-45'),
('90123-4', '0009', 'corrente', '789.345.012-67'),
('01234-5', '0010', 'poupança', '901.567.234-89'),
('12345-7', '0001', 'corrente', '678.901.234-56'),
('23456-8', '0002', 'poupança', '890.123.456-78'),
('34567-9', '0003', 'salário', '012.345.678-90'),
('45678-0', '0004', 'corrente', '234.890.567-12'),
('56789-1', '0005', 'poupança', '456.012.789-34');

-- Inserção de dados na tabela Mensagem (20 mensagens)
INSERT INTO Mensagem (timestamp, texto, cpf_remetente, cpf_destinatario, id_avaliacao) VALUES
('2025-01-06 10:30:00', 'Olá, tenho interesse na sua propriedade. Está disponível para o próximo mês?', '234.567.890-12', '123.456.789-01', NULL),
('2025-01-06 11:15:00', 'Olá! Sim, está disponível. Terei o maior prazer em recebê-lo.', '123.456.789-01', '234.567.890-12', NULL),
('2025-01-11 14:20:00', 'Gostaria de saber se posso levar meu pet?', '890.123.456-78', '567.890.123-45', NULL),
('2025-01-11 15:05:00', 'Sim, aceitamos pets de pequeno porte.', '567.890.123-45', '890.123.456-78', NULL),
('2025-01-16 09:45:00', 'Tem estacionamento no local?', '012.345.678-90', '789.012.345-67', NULL),
('2025-01-16 10:30:00', 'Sim, temos estacionamento gratuito para um veículo.', '789.012.345-67', '012.345.678-90', NULL),
('2025-01-21 16:10:00', 'Qual a distância até a praia mais próxima?', '234.567.890-12', '901.234.567-89', NULL),
('2025-01-21 16:55:00', 'A praia mais próxima fica a 5 minutos de caminhada.', '901.234.567-89', '234.567.890-12', NULL),
('2025-01-26 13:25:00', 'Tem Wi-Fi disponível?', '456.789.012-34', '345.901.678-23', NULL),
('2025-01-26 14:10:00', 'Sim, oferecemos Wi-Fi gratuito de alta velocidade.', '345.901.678-23', '456.789.012-34', NULL),
('2025-02-02 11:40:00', 'Gostei muito da minha estadia! Tudo estava perfeito.', '234.567.890-12', '123.456.789-01', 1),
('2025-02-06 17:30:00', 'Foi um prazer receber você! Volte sempre.', '123.456.789-01', '234.567.890-12', NULL),
('2025-02-11 12:15:00', 'O local é maravilhoso! Vou recomendar para meus amigos.', '890.123.456-78', '567.890.123-45', 2),
('2025-02-16 18:20:00', 'Agradecemos sua avaliação! Esperamos vê-lo novamente.', '567.890.123-45', '890.123.456-78', NULL),
('2025-02-21 10:05:00', 'Gostaria de saber se vocês têm serviço de limpeza diário?', '234.890.567-12', '345.678.901-23', NULL),
('2025-02-21 10:50:00', 'Não oferecemos limpeza diária, mas podemos agendar a cada 3 dias com custo adicional.', '345.678.901-23', '234.890.567-12', NULL),
('2025-02-26 15:30:00', 'Tem restaurantes próximos?', '456.012.789-34', '678.901.234-56', NULL),
('2025-02-26 16:15:00', 'Sim, há vários restaurantes a uma distância de 5 minutos a pé.', '678.901.234-56', '456.012.789-34', NULL),
('2025-03-02 09:20:00', 'Quais os meios de pagamento aceitos?', '890.456.123-78', '123.456.789-01', NULL),
('2025-03-02 10:05:00', 'Aceitamos cartões de crédito, débito e PIX.', '123.456.789-01', '890.456.123-78', NULL);

-- Inserção de dados na tabela Quarto (30 quartos)
INSERT INTO Quarto (num_camas, tipo_cama, banheiro_priv, id_propriedade) VALUES
(2, 'Queen', TRUE, 1),
(1, 'King', TRUE, 1),
(1, 'Twin', FALSE, 1),
(1, 'Queen', TRUE, 2),
(2, 'Twin', TRUE, 3),
(1, 'Queen', TRUE, 3),
(1, 'Single', FALSE, 4),
(2, 'Queen', TRUE, 5),
(1, 'King', TRUE, 5),
(1, 'Queen', TRUE, 5),
(1, 'Twin', TRUE, 5),
(1, 'Queen', TRUE, 6),
(2, 'Queen', TRUE, 7),
(1, 'King', TRUE, 7),
(1, 'Queen', FALSE, 7),
(1, 'Twin', TRUE, 7),
(1, 'Double', FALSE, 7),
(1, 'Queen', TRUE, 8),
(1, 'Single', FALSE, 10),
(2, 'Queen', TRUE, 11),
(1, 'King', TRUE, 11),
(1, 'Queen', TRUE, 12),
(2, 'Queen', TRUE, 13),
(1, 'King', TRUE, 13),
(1, 'Queen', FALSE, 13),
(1, 'Single', FALSE, 13),
(1, 'Queen', TRUE, 14),
(1, 'Single', FALSE, 16),
(2, 'Queen', TRUE, 17),
(1, 'Queen', TRUE, 18),
(1, 'Twin', TRUE, 19),
(1, 'Single', TRUE, 20);

-- Inserção de dados na tabela Disponibilidade (25 disponibilidades)
INSERT INTO Disponibilidade (data_inicio, data_fim, id_propriedade) VALUES
('2025-01-01', '2025-02-09', 1),
('2025-02-16', '2025-06-30', 1),
('2025-01-01', '2025-02-19', 3),
('2025-02-25', '2025-06-30', 3),
('2025-01-01', '2025-02-28', 5),
('2025-03-08', '2025-06-30', 5),
('2025-01-01', '2025-03-09', 7),
('2025-03-17', '2025-06-30', 7),
('2025-01-01', '2025-03-19', 9),
('2025-03-26', '2025-06-30', 9),
('2025-01-01', '2025-04-04', 11),
('2025-04-13', '2025-06-30', 11),
('2025-01-01', '2025-04-14', 13),
('2025-04-22', '2025-06-30', 13),
('2025-01-01', '2025-04-24', 15),
('2025-05-01', '2025-06-30', 15),
('2025-01-01', '2025-05-04', 17),
('2025-05-11', '2025-06-30', 17),
('2025-01-01', '2025-05-14', 19),
('2025-05-20', '2025-06-30', 19),
('2025-01-01', '2025-12-31', 2),
('2025-01-01', '2025-12-31', 4),
('2025-01-01', '2025-12-31', 6),
('2025-01-01', '2025-12-31', 8),
('2025-01-01', '2025-12-31', 10);

-- Inserção de dados na tabela Comodidade (30 comodidades)
INSERT INTO Comodidade (descricao, id_propriedade) VALUES
('Wi-Fi gratuito', 1),
('Ar condicionado', 1),
('Piscina', 1),
('Churrasqueira', 1),
('TV com Netflix', 2),
('Cafeteira', 2),
('Wi-Fi gratuito', 3),
('Lareira', 3),
('Sauna', 3),
('Estacionamento gratuito', 4),
('Wi-Fi gratuito', 4),
('Piscina coberta', 5),
('Academia', 5),
('Jacuzzi', 5),
('Cozinha completa', 5),
('Wi-Fi gratuito', 6),
('Vista para o mar', 6),
('Wi-Fi gratuito', 7),
('Piscina', 7),
('Playground', 7),
('Quadra de tênis', 7),
('Wi-Fi gratuito', 8),
('Café da manhã incluso', 8),
('Cozinha compartilhada', 9),
('Wi-Fi gratuito', 9),
('Vista para a montanha', 9),
('Wi-Fi gratuito', 10),
('Sala de jogos', 11),
('Piscina na cobertura', 11),
('Wi-Fi gratuito', 11);

-- Inserção de dados na tabela Regra (25 regras)
INSERT INTO Regra (descricao, id_propriedade) VALUES
('Não é permitido fumar', 1),
('Pets são permitidos', 1),
('Não é permitido festas', 1),
('Check-in das 14h às 22h', 2),
('Não é permitido fumar', 2),
('Não é permitido pets', 3),
('Não é permitido festas', 3),
('Silêncio após as 22h', 4),
('Não é permitido fumar', 4),
('Pets são permitidos', 5),
('Não é permitido fumar', 5),
('Não é permitido festas', 5),
('Não é permitido fumar', 6),
('Check-in apenas até às 20h', 7),
('Não é permitido fumar', 7),
('Pets são permitidos com taxa adicional', 7),
('Silêncio após as 23h', 8),
('Não é permitido bebidas alcoólicas', 8),
('Não é permitido fumar', 9),
('Não é permitido festas', 9),
('Não é permitido fumar', 10),
('Check-in somente após às 15h', 10),
('Pets são permitidos', 11),
('Não é permitido fumar dentro do imóvel', 11),
('Não é permitido festas', 11);
